,Metric,F,p
0,roughness,17.625965166763294,3.055211160677842e-08
0,hardness,15.248064779454818,3.040130115826538e-07
0,slipperiness,0.3774815800530766,0.6856895981483574
