Name,Mean ratio
Door mat,2.4670214318872032
Bath mat,2.0065411528781487
Astro turf,1.8096418829747025
Garden deck tile,1.318545306061102
Chair pad,1.116867185601688
Plastic place mat,0.9477417588101864
Throw,0.8569849311767714
Crash mat,0.7913428588640754
Firm foam pad,0.78478536252258
Towel,0.750372063207422
Cork pad,0.68546281008329
Tile,0.6317034928029432
Rug 2,0.5782657706568868
Gel pad,0.44047418515961617
Rug 1,0.4313540651944585
Plastic desk mat,0.38289574211893634
